filename,station,date,band,freq_lo_mhz,freq_hi_mhz,bw_mhz,n_time,n_freq,val_min,val_max,val_mean
Andrew_GVA__Aug_1__SpectrumBands_207_228_dab_Swis_207_228.npy,Andrew_GVA,Aug_1,DAB,207,228,21,449,2259,-77.4688,-11.3101,-49.215
Andrew_GVA__Aug_1__SpectrumBands_389_395_tetra_Swis_389_395.npy,Andrew_GVA,Aug_1,TETRA,389,395,6,449,645,-79.3418,-23.8308,-64.9915
Andrew_GVA__Aug_1__SpectrumBands_542_582_dvbt_Swis_542_582.npy,Andrew_GVA,Aug_1,DVBT,542,582,40,449,4302,-82.0209,-38.359,-61.1986
Andrew_GVA__Aug_1__SpectrumBands_80_110_fm_Swis_80_110.npy,Andrew_GVA,Aug_1,FM,80,110,30,449,3226,-77.5104,-0.4891,-48.4533
BGSOFIAMLADOST01__Aug_1__SpectrumBands_393_398_tetra_bu_393_398.npy,BGSOFIAMLADOST01,Aug_1,TETRA,393,398,5,450,538,-79.0916,-5.0673,-52.5945
BGSOFIAMLADOST01__Aug_1__SpectrumBands_515_561_dvbt_bu_515_561.npy,BGSOFIAMLADOST01,Aug_1,DVBT,515,561,46,450,4947,-82.2986,-23.2332,-60.2788
BGSOFIAMLADOST01__Aug_1__SpectrumBands_85_91_fm_bu_85_91.npy,BGSOFIAMLADOST01,Aug_1,FM,85,91,6,450,645,-76.3974,-4.055,-41.7431
BGSOFIAMLADOST01__Aug_1__SpectrumBands_914_925_gsm_bu_914_925.npy,BGSOFIAMLADOST01,Aug_1,GSM,914,925,11,450,1182,-75.1702,-23.7925,-55.3424
BZ_Italy__Sep_1__SpectrumBands_203_2320_dab_Ita_203_232.npy,BZ_Italy,Sep_1,DAB,203,2320,2117,457,168013,-89.2792,-21.5876,-67.6568
BZ_Italy__Sep_1__SpectrumBands_390_395_tetra_Ita_390_395.npy,BZ_Italy,Sep_1,TETRA,390,395,5,457,537,-82.5096,-59.483,-68.1441
BZ_Italy__Sep_1__SpectrumBands_540_649_dvbt_Ita_540_649.npy,BZ_Italy,Sep_1,DVBT,540,649,109,457,11722,-85.801,-43.6354,-63.5725
BZ_Italy__Sep_1__SpectrumBands_788_821_lte_Ita_791_821.npy,BZ_Italy,Sep_1,LTE,788,821,33,457,3548,-84.0672,-39.8446,-63.3282
BZ_Italy__Sep_1__SpectrumBands_87_102_fm_Ita_87_102.npy,BZ_Italy,Sep_1,FM,87,102,15,457,1614,-76.919,-5.3697,-51.244
BZ_Italy__Sep_1__SpectrumBands_936_944_gsm_Ita_936_944.npy,BZ_Italy,Sep_1,GSM,936,944,8,457,861,-83.4348,-35.1133,-66.7283
Bandon_Oregon_GAP1__Aug_1__SpectrumBands_734_768_lte_usa_734_768.npy,Bandon_Oregon_GAP1,Aug_1,LTE,734,768,34,448,3656,-83.1689,-17.3628,-52.9611
Bandon_Oregon_GAP1__Aug_1__SpectrumBands_86_110_fm_usa_86_110.npy,Bandon_Oregon_GAP1,Aug_1,FM,86,110,24,448,2581,-78.2067,-0.7095,-53.7804
Britof__Sep_08__SpectrumBands_180_195_dab_slv_180_196.npy,Britof,Sep_08,DAB,180,195,15,449,1612,-78.7428,-25.062,-61.0042
Britof__Sep_08__SpectrumBands_189_395_tetra_slv_189_395.npy,Britof,Sep_08,TETRA,189,395,206,449,22154,-81.8842,-12.3344,-64.7017
Britof__Sep_08__SpectrumBands_557_615_dvbt_slv_557_615.npy,Britof,Sep_08,DVBT,557,615,58,449,6237,-82.6153,-37.5532,-62.6482
Britof__Sep_08__SpectrumBands_791_821_lte_slv_791_821.npy,Britof,Sep_08,LTE,791,821,30,449,3226,-75.6624,-8.3373,-34.5144
Britof__Sep_08__SpectrumBands_93_128_fm_slv_93_128.npy,Britof,Sep_08,FM,93,128,35,449,3765,-82.4331,-0.2926,-53.9485
CYD_EPFL_S__Sep_15__SpectrumBands_100_120_fm_Switz_100_120.npy,CYD_EPFL_S,Sep_15,FM,100,120,20,454,2150,-76.5271,-8.238,-59.6474
CYD_EPFL_S__Sep_15__SpectrumBands_209_227_dab_Switz_209_227.npy,CYD_EPFL_S,Sep_15,DAB,209,227,18,454,1936,-78.434,-17.5722,-54.4167
CYD_EPFL_S__Sep_15__SpectrumBands_304_315_tetra_Switz_304_315.npy,CYD_EPFL_S,Sep_15,TETRA,304,315,11,454,1182,-76.2776,-29.773,-59.3359
CYD_EPFL_S__Sep_15__SpectrumBands_791_821_lte_Switz_791_821.npy,CYD_EPFL_S,Sep_15,LTE,791,821,30,454,3226,-79.931,-46.8751,-62.5232
Defcon1__Aug_1__SpectrumBands_219_229_dab_ne_219_229.npy,Defcon1,Aug_1,DAB,219,229,10,426,1076,-72.4399,-38.8967,-54.5445
Defcon1__Aug_1__SpectrumBands_390_394_tetra_ne_390_394.npy,Defcon1,Aug_1,TETRA,390,394,4,426,430,-79.0586,-35.229,-65.3132
Defcon1__Aug_1__SpectrumBands_636_695_dvbt_ne_636_695.npy,Defcon1,Aug_1,DVBT,636,695,59,426,6345,-81.7811,-49.042,-65.6105
Defcon1__Aug_1__SpectrumBands_791_821_lte_ne_791_821.npy,Defcon1,Aug_1,LTE,791,821,30,426,3226,-79.2305,-32.2298,-49.8688
Defcon1__Aug_1__SpectrumBands_87_92_fm_ne_87_92.npy,Defcon1,Aug_1,FM,87,92,5,426,538,-70.3183,-26.9976,-50.6988
Defcon1__Aug_1__SpectrumBands_920_935_gsm_ne_920_935.npy,Defcon1,Aug_1,GSM,920,935,15,426,1612,-82.7198,-22.3842,-61.8635
EDLV__Aug_1__SpectrumBands_100_106_fm_ge_100_106.npy,EDLV,Aug_1,FM,100,106,6,426,645,-68.1284,-16.6211,-49.9218
EDLV__Aug_1__SpectrumBands_174_181_dab_ge_174_181.npy,EDLV,Aug_1,DAB,174,181,7,426,752,-75.4284,-38.1621,-56.7294
EDLV__Aug_1__SpectrumBands_390_395_tetra_ge_390_395.npy,EDLV,Aug_1,TETRA,390,395,5,426,537,-79.0586,-35.229,-65.3974
EDLV__Aug_1__SpectrumBands_557_590_dvbt_ge_557_590.npy,EDLV,Aug_1,DVBT,557,590,33,426,3550,-82.5116,-47.1996,-61.2169
EDLV__Aug_1__SpectrumBands_791_821_lte_ge_791_821.npy,EDLV,Aug_1,LTE,791,821,30,426,3226,-79.2305,-32.2298,-49.8688
EDLV__Aug_1__SpectrumBands_943_952_gsm_ge_943_952.npy,EDLV,Aug_1,GSM,943,952,9,426,969,-81.0315,-26.3696,-60.9384
Espi1__Dec_13__SpectrumBands_203_220_dab_ger_180_196.npy,Espi1,Dec_13,DAB,203,220,17,377,1829,-76.7438,-16.1037,-53.3889
Espi1__Dec_13__SpectrumBands_390_395_tetra_ger_390_395.npy,Espi1,Dec_13,TETRA,390,395,5,377,537,-79.3777,-18.4462,-64.0422
Espi1__Dec_13__SpectrumBands_468_530_dvbt_ger_468_530.npy,Espi1,Dec_13,DVBT,468,530,62,377,6668,-81.2838,-11.3199,-55.061
Espi1__Dec_13__SpectrumBands_791_821_lte_ger_791_821.npy,Espi1,Dec_13,LTE,791,821,30,377,3226,-79.12,-19.4766,-43.3522
Espi1__Dec_13__SpectrumBands_87_102_fm_ger_87_102.npy,Espi1,Dec_13,FM,87,102,15,377,1614,-75.1086,-1.473,-56.8733
Espi1__Dec_13__SpectrumBands_920_937_gsm_ger_920_937.npy,Espi1,Dec_13,GSM,920,937,17,377,1827,-80.5274,-3.7389,-57.0842
Geneva__Sep_1__SpectrumBands_210_226_dab_Swis_210_226.npy,Geneva,Sep_1,DAB,210,226,16,457,1721,-75.6168,-19.3087,-52.1229
Geneva__Sep_1__SpectrumBands_390_394_tetra_Swis_390_394.npy,Geneva,Sep_1,TETRA,390,394,4,457,430,-79.239,-35.1745,-64.6478
Geneva__Sep_1__SpectrumBands_464_505_dvbt_Swis_464_505.npy,Geneva,Sep_1,DVBT,464,505,41,457,4409,-82.2592,-18.4473,-64.5209
Geneva__Sep_1__SpectrumBands_791_821_lte_Swis_791_821.npy,Geneva,Sep_1,LTE,791,821,30,457,3226,-78.2212,-35.7469,-58.3449
Geneva__Sep_1__SpectrumBands_94_120_fm_Swis_94_120.npy,Geneva,Sep_1,FM,94,120,26,457,2796,-78.9778,-1.5429,-54.995
Giansense__Sep_08__SpectrumBands_213_231_dab_ita_213_231.npy,Giansense,Sep_08,DAB,213,231,18,442,1936,-81.4758,-32.8976,-59.7989
Giansense__Sep_08__SpectrumBands_620_686_dvbt_ita_620_686.npy,Giansense,Sep_08,DVBT,620,686,66,442,7098,-82.2606,-52.003,-63.5004
Giansense__Sep_08__SpectrumBands_791_821_lte_ita_791_821.npy,Giansense,Sep_08,LTE,791,821,30,442,3226,-80.292,-31.842,-57.2922
Giansense__Sep_08__SpectrumBands_930_960_gsm_ita_620_686.npy,Giansense,Sep_08,GSM,930,960,30,442,3226,-83.4247,-22.8725,-64.5511
Giansense__Sep_08__SpectrumBands_98_107_fm_ita_98_107.npy,Giansense,Sep_08,FM,98,107,9,442,967,-65.1525,-0.9829,-42.1265
HuldOne__Aug_30__SpectrumBands_173_218_dab_cz_173_218.npy,HuldOne,Aug_30,DAB,173,218,45,450,4841,-87.6913,-23.8425,-68.4577
HuldOne__Aug_30__SpectrumBands_424_429_tetra_cz_424_429.npy,HuldOne,Aug_30,TETRA,424,429,5,450,537,-84.978,-28.6792,-70.0658
HuldOne__Aug_30__SpectrumBands_790_821_lte_cz_790_821.npy,HuldOne,Aug_30,LTE,790,821,31,450,3333,-86.6526,-43.7431,-60.6589
HuldOne__Aug_30__SpectrumBands_925_930_gsm_cz_925_930.npy,HuldOne,Aug_30,GSM,925,930,5,450,539,-86.1447,-41.746,-66.9294
HuldOne__Aug_30__SpectrumBands_99_107_fm_cz_99_107.npy,HuldOne,Aug_30,FM,99,107,8,450,861,-87.1167,-19.0107,-68.4666
IADAM__Jul_13__SpectrumBands_390_394_tetra_czk_390_394.npy,IADAM,Jul_13,TETRA,390,394,4,337,430,-77.9074,-33.2504,-66.383
IADAM__Jul_13__SpectrumBands_637_646_dvbt_czk_637_646.npy,IADAM,Jul_13,DVBT,637,646,9,337,969,-78.6702,-47.3253,-61.3661
IADAM__Jul_13__SpectrumBands_791_821_lte_czk_791_821.npy,IADAM,Jul_13,LTE,791,821,30,337,3226,-79.4271,-20.2365,-54.8827
IADAM__Jul_13__SpectrumBands_85_110_fm_czk_85_110.npy,IADAM,Jul_13,FM,85,110,25,337,2689,-77.9171,-34.8878,-62.869
IADAM__Jul_13__SpectrumBands_921_926_gsm_czk_921_926.npy,IADAM,Jul_13,GSM,921,926,5,337,539,-80.8933,-34.8353,-67.1834
NFM-Electrosense-01__Sep_1__SpectrumBands_270_275_tetra_Jap_270_275.npy,NFM-Electrosense-01,Sep_1,TETRA,270,275,5,445,537,-80.5537,-0.3649,-61.2453
NFM-Electrosense-01__Sep_1__SpectrumBands_518_561_dvbt_Jap_518_561.npy,NFM-Electrosense-01,Sep_1,DVBT,518,561,43,445,4624,-79.1411,-36.8793,-54.3501
NFM-Electrosense-01__Sep_1__SpectrumBands_70_90_fm_Jap_207_228.npy,NFM-Electrosense-01,Sep_1,FM,70,90,20,445,2151,-80.0976,-17.6357,-61.8661
Nudelsalat_RPi__Aug_1__SpectrumBands_176_199_dab_Ger_176_199.npy,Nudelsalat_RPi,Aug_1,DAB,176,199,23,461,2472,-68.4452,-33.43,-50.6539
Nudelsalat_RPi__Aug_1__SpectrumBands_580_656_dvbt_Ger_580_656.npy,Nudelsalat_RPi,Aug_1,DVBT,580,656,76,461,8173,-79.1901,-26.9056,-58.1028
Nudelsalat_RPi__Aug_1__SpectrumBands_791_821_lte_Ger_791_821.npy,Nudelsalat_RPi,Aug_1,LTE,791,821,30,461,3226,-78.2841,-43.1961,-59.499
Nudelsalat_RPi__Aug_1__SpectrumBands_85_120_fm_Ger_85_120.npy,Nudelsalat_RPi,Aug_1,FM,85,120,35,461,3764,-71.377,-14.6449,-52.5207
Nudelsalat_RPi__Aug_1__SpectrumBands_925_960_gsm_Ger_925_960.npy,Nudelsalat_RPi,Aug_1,GSM,925,960,35,461,3765,-79.7513,-30.8956,-64.1575
Oreland__Aug_1__SpectrumBands_734_768_lte_usa_734_768.npy,Oreland,Aug_1,LTE,734,768,34,457,3656,-58.5615,-27.4589,-41.0349
Oreland__Aug_1__SpectrumBands_86_110_fm_usa_86_110.npy,Oreland,Aug_1,FM,86,110,24,457,2581,-59.5725,-0.6592,-33.2982
PiSDR1__Sep_1__SpectrumBands_100_110_fm_po_100_110.npy,PiSDR1,Sep_1,FM,100,110,10,462,1075,-67.3578,-1.3312,-49.6919
PiSDR1__Sep_1__SpectrumBands_425_427_tetra_po_425_427.npy,PiSDR1,Sep_1,TETRA,425,427,2,462,215,-71.5069,-24.2371,-53.2659
PiSDR1__Sep_1__SpectrumBands_573_630_dvbt_po_573_630.npy,PiSDR1,Sep_1,DVBT,573,630,57,462,6131,-77.6786,-23.2795,-50.9333
PiSDR1__Sep_1__SpectrumBands_790_821_lte_po_790_821.npy,PiSDR1,Sep_1,LTE,790,821,31,462,3333,-81.3406,-28.4015,-48.4041
PiSDR1__Sep_1__SpectrumBands_935_943_gsm_po_935_943.npy,PiSDR1,Sep_1,GSM,935,943,8,462,860,-78.2584,-16.2872,-47.4284
Princeton1__Feb_23__SpectrumBands_734_768_lte_usa_734_768.npy,Princeton1,Feb_23,LTE,734,768,34,443,3656,-80.0996,-23.2899,-52.4903
Princeton1__Feb_23__SpectrumBands_86_110_fm_usa_86_110.npy,Princeton1,Feb_23,FM,86,110,24,443,2581,-65.4793,-6.4375,-47.4504
Rapallo_Electrosense__Sep_1__SpectrumBands_222_230_dab_Ita_222_230.npy,Rapallo_Electrosense,Sep_1,DAB,222,230,8,458,860,-71.3745,-32.5057,-53.5735
Rapallo_Electrosense__Sep_1__SpectrumBands_468_571_dvbt_Ita_468_571.npy,Rapallo_Electrosense,Sep_1,DVBT,468,571,103,458,11076,-67.6988,-18.4944,-40.2958
Rapallo_Electrosense__Sep_1__SpectrumBands_791_821_lte_Ita_791_821.npy,Rapallo_Electrosense,Sep_1,LTE,791,821,30,458,3226,-61.7485,-17.1501,-36.2055
Rapallo_Electrosense__Sep_1__SpectrumBands_80_120_fm_Ita_80_120.npy,Rapallo_Electrosense,Sep_1,FM,80,120,40,458,4301,-60.3604,-0.5063,-34.5932
Rapallo_Electrosense__Sep_1__SpectrumBands_934_947_gsm_Ita_934_937.npy,Rapallo_Electrosense,Sep_1,GSM,934,947,13,458,1397,-65.1988,-7.9159,-46.6506
SP8AKM__Feb_22__SpectrumBands_667_670_dvbt_Pol_667_670.npy,SP8AKM,Feb_22,DVBT,667,670,3,356,324,-78.261,-55.7382,-63.9601
SP8AKM__Feb_22__SpectrumBands_791_821_lte_Pol_791_821.npy,SP8AKM,Feb_22,LTE,791,821,30,356,3226,-81.7167,-36.6748,-56.4509
SP8AKM__Feb_22__SpectrumBands_80_120_fm_Pol_80_120.npy,SP8AKM,Feb_22,FM,80,120,40,356,4301,-79.0675,-11.8721,-60.3196
SP8AKM__Feb_22__SpectrumBands_935_943_gsm_Pol_935_943.npy,SP8AKM,Feb_22,GSM,935,943,8,356,860,-78.8076,-26.9703,-60.3131
Sashatka__Aug_24__SpectrumBands_420_426_tetra_rus_420_426.npy,Sashatka,Aug_24,TETRA,420,426,6,450,646,-80.6341,-42.9907,-66.118
Sashatka__Aug_24__SpectrumBands_775_790_dvbt_rus_775_790.npy,Sashatka,Aug_24,DVBT,775,790,15,450,1614,-81.8976,-39.614,-58.7032
Sashatka__Aug_24__SpectrumBands_90_120_fm_rus_90_120.npy,Sashatka,Aug_24,FM,90,120,30,450,3226,-76.6681,-25.2879,-59.2954
Sashatka__Aug_24__SpectrumBands_933_961_gsm_rus_933_961.npy,Sashatka,Aug_24,GSM,933,961,28,450,3011,-81.4375,-17.9247,-58.7535
Sensorix__Sep_1__SpectrumBands_209_225_dab_Swis_209_225.npy,Sensorix,Sep_1,DAB,209,225,16,369,1721,-73.0842,-15.7486,-51.1338
Sensorix__Sep_1__SpectrumBands_392_396_tetra_Swis_392_396.npy,Sensorix,Sep_1,TETRA,392,396,4,369,430,-76.4384,-16.8213,-62.3347
Sensorix__Sep_1__SpectrumBands_791_821_lte_Swis_791_821.npy,Sensorix,Sep_1,LTE,791,821,30,369,3226,-80.502,-29.0404,-48.2094
Sensorix__Sep_1__SpectrumBands_85_120_fm_Swis_85_120.npy,Sensorix,Sep_1,FM,85,120,35,369,3764,-70.4734,-0.3375,-47.2599
Skap_French_Riviera__Sep_1__SpectrumBands_194_228_dab_Esp_194_228.npy,Skap_French_Riviera,Sep_1,DAB,194,228,34,451,3657,-81.6784,-12.3627,-52.6989
Skap_French_Riviera__Sep_1__SpectrumBands_389_395_tetra_Esp_389_395.npy,Skap_French_Riviera,Sep_1,TETRA,389,395,6,451,645,-78.9013,-19.6969,-63.5456
Skap_French_Riviera__Sep_1__SpectrumBands_473_535_dvbt_Esp_473_535.npy,Skap_French_Riviera,Sep_1,DVBT,473,535,62,451,6667,-81.8017,-38.7047,-61.7025
Skap_French_Riviera__Sep_1__SpectrumBands_791_821_lte_Esp_791_821.npy,Skap_French_Riviera,Sep_1,LTE,791,821,30,451,3226,-77.9131,-18.6946,-39.8785
Skap_French_Riviera__Sep_1__SpectrumBands_85_120_fm_Esp_85_120.npy,Skap_French_Riviera,Sep_1,FM,85,120,35,451,3763,-83.2699,-0.3521,-49.4044
Skap_French_Riviera__Sep_1__SpectrumBands_933_938_gsm_Esp_933_938.npy,Skap_French_Riviera,Sep_1,GSM,933,938,5,451,539,-78.6036,-23.8249,-56.037
Somdalsbraatan__Sep_1__SpectrumBands_225_239_dab_no_225_239.npy,Somdalsbraatan,Sep_1,DAB,225,239,14,444,1505,-77.9657,-13.7884,-51.8009
Somdalsbraatan__Sep_1__SpectrumBands_390_395_tetra_no_390_395.npy,Somdalsbraatan,Sep_1,TETRA,390,395,5,444,537,-78.5636,-5.2152,-57.1239
Somdalsbraatan__Sep_1__SpectrumBands_524_606_dvbt_no_524_606.npy,Somdalsbraatan,Sep_1,DVBT,524,606,82,444,8818,-82.9163,-48.9611,-65.2075
Somdalsbraatan__Sep_1__SpectrumBands_790_821_lte_no_790_821.npy,Somdalsbraatan,Sep_1,LTE,790,821,31,444,3333,-82.1355,-27.6577,-54.8067
Somdalsbraatan__Sep_1__SpectrumBands_942_949_gsm_no_942_949.npy,Somdalsbraatan,Sep_1,GSM,942,949,7,444,751,-82.8817,-24.7049,-63.4292
URJC1__Sep_1__SpectrumBands_208_229_dab_Esp_208_229.npy,URJC1,Sep_1,DAB,208,229,21,406,2258,-82.9706,-33.7982,-66.4213
URJC1__Sep_1__SpectrumBands_419_427_tetra_Esp_419_427.npy,URJC1,Sep_1,TETRA,419,427,8,406,860,-83.7059,-4.762,-60.3416
URJC1__Sep_1__SpectrumBands_475_555_dvbt_Esp_475_555.npy,URJC1,Sep_1,DVBT,475,555,80,406,8604,-84.7371,-41.9573,-60.9381
URJC1__Sep_1__SpectrumBands_791_821_lte_Esp_791_821.npy,URJC1,Sep_1,LTE,791,821,30,406,3226,-77.948,-12.2523,-32.1566
URJC1__Sep_1__SpectrumBands_85_120_fm_Esp_85_120.npy,URJC1,Sep_1,FM,85,120,35,406,3764,-83.3732,-1.9378,-54.1928
URJC1__Sep_1__SpectrumBands_954_960_gsm_Esp_954_960.npy,URJC1,Sep_1,GSM,954,960,6,406,645,-78.4267,-15.0588,-44.4453
Valbella__Sep_15__SpectrumBands_100_120_fm_Switz_100_120.npy,Valbella,Sep_15,FM,100,120,20,407,2150,-61.8791,-2.1766,-44.1436
Valbella__Sep_15__SpectrumBands_220_225_dab_Switz_220_225.npy,Valbella,Sep_15,DAB,220,225,5,409,537,-68.0419,-40.9991,-55.8198
Valbella__Sep_15__SpectrumBands_225_233_dab_Switz_225_233.npy,Valbella,Sep_15,DAB,225,233,8,407,860,-69.6312,-19.2685,-51.1444
Valbella__Sep_15__SpectrumBands_389_395_tetra_Switz_389_395.npy,Valbella,Sep_15,TETRA,389,395,6,409,645,-78.1492,-8.5099,-63.8087
Valbella__Sep_15__SpectrumBands_390_400_tetra_Switz_390_400.npy,Valbella,Sep_15,TETRA,390,400,10,407,1075,-78.5996,-8.8093,-64.0225
Valbella__Sep_15__SpectrumBands_771_823_lte_Switz_771_823.npy,Valbella,Sep_15,LTE,771,823,52,409,5592,-81.1105,-24.6644,-49.9154
Valbella__Sep_15__SpectrumBands_788_821_lte_Switz_788_821.npy,Valbella,Sep_15,LTE,788,821,33,409,3548,-78.748,-24.6644,-49.3182
Valbella__Sep_15__SpectrumBands_87_102_fm_Switz_87_102.npy,Valbella,Sep_15,FM,87,102,15,409,1614,-61.2542,-1.5295,-44.4747
Valbella__Sep_15__SpectrumBands_936_944_gsm_Switz_936_944.npy,Valbella,Sep_15,GSM,936,944,8,409,861,-81.1722,-47.5097,-67.3339
Zagreb__Sep_15__SpectrumBands_204_208_dab_Cro_204_208.npy,Zagreb,Sep_15,DAB,204,208,4,456,430,-72.6787,-34.5129,-51.5396
Zagreb__Sep_15__SpectrumBands_389_399_tetra_Cro_389_399.npy,Zagreb,Sep_15,TETRA,389,399,10,456,1075,-82.7013,-16.7799,-64.382
Zagreb__Sep_15__SpectrumBands_475_538_dvbt_Cro_475_538.npy,Zagreb,Sep_15,DVBT,475,538,63,456,6776,-82.3196,-28.1638,-61.9755
Zagreb__Sep_15__SpectrumBands_791_821_lte_Cro_791_821.npy,Zagreb,Sep_15,LTE,791,821,30,456,3226,-80.0402,-24.0186,-53.2043
Zagreb__Sep_15__SpectrumBands_91_111_fm_Cro_91_111.npy,Zagreb,Sep_15,FM,91,111,20,456,2151,-69.5041,-1.3835,-47.0809
Zagreb__Sep_15__SpectrumBands_949_960_gsm_Cro_949_960.npy,Zagreb,Sep_15,GSM,949,960,11,456,1184,-82.1706,-28.2,-62.1613
alcorcon1__Feb_1__SpectrumBands_195_230_dab_alcorcon_195_230.npy,alcorcon1,Feb_1,DAB,195,230,35,203,3747,-71.0998,-29.0964,-50.9251
alcorcon1__Feb_1__SpectrumBands_421_426_tetra_alcorcon_421_426.npy,alcorcon1,Feb_1,TETRA,421,426,5,243,536,-76.3937,-11.5677,-58.7763
alcorcon1__Feb_1__SpectrumBands_540_584_dvbt_alcorcon_540_5845.npy,alcorcon1,Feb_1,DVBT,540,584,44,243,4763,-79.6434,-36.3805,-58.0902
alcorcon1__Feb_1__SpectrumBands_791_821_lte_alcorcon_791_821.npy,alcorcon1,Feb_1,LTE,791,821,30,203,3212,-78.0589,-19.8626,-40.707
alcorcon1__Feb_1__SpectrumBands_85_120_fm_alcorcon_85_120.npy,alcorcon1,Feb_1,FM,85,120,35,203,3747,-77.1976,-0.9281,-52.4492
alcorcon1__Feb_1__SpectrumBands_924_929_gsm_alcorcon_924_929.npy,alcorcon1,Feb_1,GSM,924,929,5,243,535,-78.6618,-5.8161,-49.1416
alcorcon1__Feb_1__SpectrumBands_935_939_gsm_alcorcon_935_939.npy,alcorcon1,Feb_1,GSM,935,939,4,243,429,-76.5048,-23.6892,-56.0848
alcorcon1__Feb_1__SpectrumBands_954_960_gsm_alcorcon_9544_9604.npy,alcorcon1,Feb_1,GSM,954,960,6,243,642,-75.3483,-13.604,-52.6897
alcorcon1__Feb_2__alcorcon_Feb_2_21SpectrumBands_195_230_dab_alcorcon_195_230.npy,alcorcon1,Feb_2,DAB,195,230,35,498,3747,-73.1156,-28.3702,-50.8268
alcorcon1__Feb_2__alcorcon_Feb_2_21SpectrumBands_421_426_tetra_alcorcon_421_426.npy,alcorcon1,Feb_2,TETRA,421,426,5,495,536,-77.6937,-11.2526,-59.0613
alcorcon1__Feb_2__alcorcon_Feb_2_21SpectrumBands_540_584_dvbt_alcorcon_540_5845.npy,alcorcon1,Feb_2,DVBT,540,584,44,495,4763,-79.6888,-32.5903,-57.8853
alcorcon1__Feb_2__alcorcon_Feb_2_21SpectrumBands_791_821_lte_alcorcon_791_821.npy,alcorcon1,Feb_2,LTE,791,821,30,498,3212,-79.8958,-18.487,-40.6737
alcorcon1__Feb_2__alcorcon_Feb_2_21SpectrumBands_85_120_fm_alcorcon_85_120.npy,alcorcon1,Feb_2,FM,85,120,35,498,3747,-77.7779,-0.8835,-52.6509
alcorcon1__Feb_2__alcorcon_Feb_2_21SpectrumBands_924_929_gsm_alcorcon_924_929.npy,alcorcon1,Feb_2,GSM,924,929,5,495,535,-77.601,-6.8055,-49.4641
alcorcon1__Feb_2__alcorcon_Feb_2_21SpectrumBands_935_939_gsm_alcorcon_935_939.npy,alcorcon1,Feb_2,GSM,935,939,4,495,429,-75.8845,-24.6625,-56.0081
alcorcon1__Feb_2__alcorcon_Feb_2_21SpectrumBands_954_960_gsm_alcorcon_9544_9604.npy,alcorcon1,Feb_2,GSM,954,960,6,495,642,-77.2331,-13.5094,-52.6355
alcorcon1__Feb_3__alcorcon_Feb_3_21SpectrumBands_195_230_dab_alcorcon_195_230.npy,alcorcon1,Feb_3,DAB,195,230,35,474,3747,-75.4751,-29.1185,-51.3692
alcorcon1__Feb_3__alcorcon_Feb_3_21SpectrumBands_421_426_tetra_alcorcon_421_426.npy,alcorcon1,Feb_3,TETRA,421,426,5,471,536,-76.2395,-10.8258,-58.9369
alcorcon1__Feb_3__alcorcon_Feb_3_21SpectrumBands_540_584_dvbt_alcorcon_540_5845.npy,alcorcon1,Feb_3,DVBT,540,584,44,471,4763,-79.5056,-32.323,-57.2835
alcorcon1__Feb_3__alcorcon_Feb_3_21SpectrumBands_791_821_lte_alcorcon_791_821.npy,alcorcon1,Feb_3,LTE,791,821,30,474,3212,-81.4676,-16.8193,-39.8472
alcorcon1__Feb_3__alcorcon_Feb_3_21SpectrumBands_85_120_fm_alcorcon_85_120.npy,alcorcon1,Feb_3,FM,85,120,35,474,3747,-77.9755,-0.8288,-52.8771
alcorcon1__Feb_3__alcorcon_Feb_3_21SpectrumBands_924_929_gsm_alcorcon_924_929.npy,alcorcon1,Feb_3,GSM,924,929,5,471,535,-80.1641,-7.3979,-49.0221
alcorcon1__Feb_3__alcorcon_Feb_3_21SpectrumBands_935_939_gsm_alcorcon_935_939.npy,alcorcon1,Feb_3,GSM,935,939,4,471,429,-78.4604,-27.4932,-56.4138
alcorcon1__Feb_3__alcorcon_Feb_3_21SpectrumBands_954_960_gsm_alcorcon_9544_9604.npy,alcorcon1,Feb_3,GSM,954,960,6,471,642,-76.1274,-12.3797,-52.2612
alemino_ZRH__Sep_1__SpectrumBands_187_228_dab_Swis_187_228.npy,alemino_ZRH,Sep_1,DAB,187,228,41,463,4410,-77.3118,-23.6296,-58.3994
alemino_ZRH__Sep_1__SpectrumBands_390_395_tetra_Swis_390_395.npy,alemino_ZRH,Sep_1,TETRA,390,395,5,463,537,-79.4143,-36.813,-65.5552
alemino_ZRH__Sep_1__SpectrumBands_788_821_lte_Swis_791_821.npy,alemino_ZRH,Sep_1,LTE,788,821,33,463,3548,-79.1259,-9.4419,-32.931
alemino_ZRH__Sep_1__SpectrumBands_87_102_fm_Swis_87_102.npy,alemino_ZRH,Sep_1,FM,87,102,15,463,1614,-76.7781,-18.1564,-54.6145
alemino_ZRH__Sep_1__SpectrumBands_936_944_gsm_Swis_936_944.npy,alemino_ZRH,Sep_1,GSM,936,944,8,463,861,-80.1131,-34.4647,-65.3386
bcn-L__Sep_1__SpectrumBands_191_220_dab_Esp_191_220.npy,bcn-L,Sep_1,DAB,191,220,29,450,3120,-76.2056,-27.1321,-56.7339
bcn-L__Sep_1__SpectrumBands_419_424_tetra_Esp_419_424.npy,bcn-L,Sep_1,TETRA,419,424,5,450,538,-78.1742,-28.0916,-63.7823
bcn-L__Sep_1__SpectrumBands_484_543_dvbt_Esp_484_583.npy,bcn-L,Sep_1,DVBT,484,543,59,450,6344,-82.4655,-39.2627,-59.4684
bcn-L__Sep_1__SpectrumBands_791_821_lte_Esp_791_821.npy,bcn-L,Sep_1,LTE,791,821,30,450,3226,-79.1256,-28.8133,-48.8741
bcn-L__Sep_1__SpectrumBands_90_120_fm_Esp_90_120.npy,bcn-L,Sep_1,FM,90,120,30,450,3226,-76.8819,-2.3566,-45.022
bcn-L__Sep_1__SpectrumBands_924_929_gsm_Esp_924_929.npy,bcn-L,Sep_1,GSM,924,929,5,450,537,-79.2104,-20.3622,-60.4516
dipolkurz__Sep_1__SpectrumBands_208_229_dab_Swis_208_229.npy,dipolkurz,Sep_1,DAB,208,229,21,442,2258,-80.4949,-23.0598,-61.2743
dipolkurz__Sep_1__SpectrumBands_393_395_tetra_Swis_393_395.npy,dipolkurz,Sep_1,TETRA,393,395,2,442,215,-78.2822,-38.2581,-65.5194
dipolkurz__Sep_1__SpectrumBands_791_821_lte_Swis_791_821.npy,dipolkurz,Sep_1,LTE,791,821,30,442,3226,-80.0019,-28.5265,-51.7377
dipolkurz__Sep_1__SpectrumBands_85_120_fm_Swis_85_120.npy,dipolkurz,Sep_1,FM,85,120,35,442,3764,-81.8074,-9.5987,-57.4773
dipolkurz__Sep_1__SpectrumBands_922_925_gsm_Swis_922_925.npy,dipolkurz,Sep_1,GSM,922,925,3,442,321,-80.4145,-39.8913,-65.4349
donostia-ategorrieta__Sep_1__SpectrumBands_419_427_tetra_Esp_419_427.npy,donostia-ategorrieta,Sep_1,TETRA,419,427,8,453,860,-81.5156,-29.6515,-60.6694
donostia-ategorrieta__Sep_1__SpectrumBands_791_821_lte_Esp_791_821.npy,donostia-ategorrieta,Sep_1,LTE,791,821,30,453,3226,-79.9098,-26.5859,-50.4274
donostia-ategorrieta__Sep_1__SpectrumBands_80_120_fm_Esp_80_120.npy,donostia-ategorrieta,Sep_1,FM,80,120,40,453,4301,-75.4078,-6.5641,-56.573
goeppingen_I__Sep_15__SpectrumBands_100_120_fm_Ger_100_120.npy,goeppingen_I,Sep_15,FM,100,120,20,326,2150,-74.6054,-0.6489,-54.2943
goeppingen_I__Sep_15__SpectrumBands_203_223_dab_Ger_203_223.npy,goeppingen_I,Sep_15,DAB,203,223,20,326,2150,-78.5229,-34.363,-60.1078
goeppingen_I__Sep_15__SpectrumBands_371_394_tetra_Ger_371_394.npy,goeppingen_I,Sep_15,TETRA,371,394,23,326,2474,-83.4457,-38.1222,-66.3074
goeppingen_I__Sep_15__SpectrumBands_791_821_lte_Ger_791_821.npy,goeppingen_I,Sep_15,LTE,791,821,30,326,3226,-80.2397,-37.3756,-55.4624
goeppingen_I__Sep_15__SpectrumBands_925_948_gsm_Ger_925_948.npy,goeppingen_I,Sep_15,GSM,925,948,23,326,2475,-82.6545,-26.9297,-64.8274
imdea_adsb__Sep_1__SpectrumBands_194_203_dab_Esp_194_203.npy,imdea_adsb,Sep_1,DAB,194,203,9,451,969,-81.6784,-29.4254,-56.7025
imdea_adsb__Sep_1__SpectrumBands_392_395_tetra_Esp_392_395.npy,imdea_adsb,Sep_1,TETRA,392,395,3,451,323,-78.331,-19.6969,-62.8972
imdea_adsb__Sep_1__SpectrumBands_620_630_dvbt_Esp_620_630.npy,imdea_adsb,Sep_1,DVBT,620,630,10,451,1076,-81.2353,-48.2696,-65.3326
imdea_adsb__Sep_1__SpectrumBands_791_821_lte_Esp_791_821.npy,imdea_adsb,Sep_1,LTE,791,821,30,451,3226,-77.9131,-18.6946,-39.8785
imdea_adsb__Sep_1__SpectrumBands_80_120_fm_Esp_80_120.npy,imdea_adsb,Sep_1,FM,80,120,40,451,4302,-83.2699,-0.3521,-51.5499
imdea_adsb__Sep_1__SpectrumBands_924_929_gsm_Esp_924_929.npy,imdea_adsb,Sep_1,GSM,924,929,5,451,537,-78.6722,-21.343,-53.4143
leganes_rack_3__May_1__SpectrumBands_421_426_tetra_rack3_421_426.npy,leganes_rack_3,May_1,TETRA,421,426,5,449,539,-77.4892,-12.7734,-59.3439
leganes_rack_3__May_1__SpectrumBands_540_584_dvbt_rack3_540_5845.npy,leganes_rack_3,May_1,DVBT,540,584,44,449,4786,-81.587,-45.1626,-61.1878
leganes_rack_3__May_1__SpectrumBands_924_929_gsm_rack3_924_929.npy,leganes_rack_3,May_1,GSM,924,929,5,449,537,-79.1976,-11.0401,-55.496
leganes_rack_3__May_1__SpectrumBands_935_939_gsm_rack3_935_939.npy,leganes_rack_3,May_1,GSM,935,939,4,449,430,-79.1305,-33.0878,-62.7673
leganes_rack_3__May_1__SpectrumBands_954_960_gsm_rack3_9544_9604.npy,leganes_rack_3,May_1,GSM,954,960,6,449,645,-79.8003,-9.0716,-58.3692
leganes_rack_3__May_2__SpectrumBands_421_426_tetra_rack3_421_426.npy,leganes_rack_3,May_2,TETRA,421,426,5,445,539,-87.7974,-41.1941,-72.0295
leganes_rack_3__May_2__SpectrumBands_540_584_dvbt_rack3_540_5845.npy,leganes_rack_3,May_2,DVBT,540,584,44,445,4786,-86.7863,-51.6338,-71.8172
leganes_rack_3__May_2__SpectrumBands_924_929_gsm_rack3_924_929.npy,leganes_rack_3,May_2,GSM,924,929,5,445,537,-86.5792,-40.8069,-72.1056
leganes_rack_3__May_2__SpectrumBands_935_939_gsm_rack3_935_939.npy,leganes_rack_3,May_2,GSM,935,939,4,445,430,-92.2083,-51.6124,-72.2366
leganes_rack_3__May_2__SpectrumBands_954_960_gsm_rack3_9544_9604.npy,leganes_rack_3,May_2,GSM,954,960,6,445,645,-86.928,-39.0668,-71.6963
miguel_murcia__Dec_1__SpectrumBands_389_394_tetra_Esp_389_394.npy,miguel_murcia,Dec_1,TETRA,389,394,5,455,538,-79.0958,-23.0894,-63.9735
miguel_murcia__Dec_1__SpectrumBands_636_644_dvbt_Esp_636_644.npy,miguel_murcia,Dec_1,DVBT,636,644,8,455,861,-80.3534,-59.1587,-66.9096
miguel_murcia__Dec_1__SpectrumBands_791_821_lte_Esp_791_821.npy,miguel_murcia,Dec_1,LTE,791,821,30,455,3226,-78.8924,-27.5443,-50.2305
miguel_murcia__Dec_1__SpectrumBands_85_105_fm_Esp_85_105.npy,miguel_murcia,Dec_1,FM,85,105,20,455,2150,-69.2422,-0.5734,-46.1873
miguel_murcia__Dec_1__SpectrumBands_924_929_gsm_Esp_924_929.npy,miguel_murcia,Dec_1,GSM,924,929,5,455,537,-81.8403,-27.8159,-50.0091
oha_sense1__Sep_1__SpectrumBands_200_230_dab_oh_200_230.npy,oha_sense1,Sep_1,DAB,200,230,30,451,3226,-78.8189,-28.1782,-55.7212
oha_sense1__Sep_1__SpectrumBands_389_395_tetra_oh_389_395.npy,oha_sense1,Sep_1,TETRA,389,395,6,451,645,-79.071,-11.1492,-59.656
oha_sense1__Sep_1__SpectrumBands_468_527_dvbt_oh_468_527.npy,oha_sense1,Sep_1,DVBT,468,527,59,451,6344,-83.2051,-36.5595,-61.3438
oha_sense1__Sep_1__SpectrumBands_791_821_lte_oh_791_821.npy,oha_sense1,Sep_1,LTE,791,821,30,451,3194,-79.008,-27.2216,-47.7177
oha_sense1__Sep_5__SpectrumBands_200_230_dab_oh_200_230.npy,oha_sense1,Sep_5,DAB,200,230,30,451,3226,-78.8189,-28.1782,-55.7212
oha_sense1__Sep_5__SpectrumBands_468_527_dvbt_oh_468_527.npy,oha_sense1,Sep_5,DVBT,468,527,59,446,6344,-83.1354,-37.5271,-61.3659
oha_sense1__Sep_5__SpectrumBands_791_821_lte_oh_791_821.npy,oha_sense1,Sep_5,LTE,791,821,30,446,3194,-78.953,-26.6507,-47.5895
scalessio__May_2__SpectrumBands_201_207_dab_scalessio_201_207.npy,scalessio,May_2,DAB,201,207,6,454,645,-69.075,-38.5306,-51.4543
scalessio__May_2__SpectrumBands_421_426_tetra_scalessio_421_426.npy,scalessio,May_2,TETRA,421,426,5,454,539,-77.9986,-39.9122,-61.3955
scalessio__May_2__SpectrumBands_509_550_dvbt_scalessio_509_550.npy,scalessio,May_2,DVBT,509,550,41,454,4324,-80.3697,-42.2039,-59.638
scalessio__May_2__SpectrumBands_791_821_lte_scalessio_791_821.npy,scalessio,May_2,LTE,791,821,30,454,3226,-80.1014,-25.9319,-49.4042
scalessio__May_2__SpectrumBands_80_120_fm_scalessio_80_120.npy,scalessio,May_2,FM,80,120,40,454,4301,-71.7515,-15.724,-50.0508
scalessio__May_2__SpectrumBands_935_960_gsm_test_935_960.npy,scalessio,May_2,GSM,935,960,25,150,2239,-80.5533,-18.1455,-58.0538
scalessio__May_2__SpectrumBands_939_948_gsm_scalessio_939_948.npy,scalessio,May_2,GSM,939,948,9,454,969,-80.222,-19.7883,-59.8804
scalessio__May_3__SpectrumBands_201_207_dab_scalessio_201_207.npy,scalessio,May_3,DAB,201,207,6,444,645,-69.2597,-39.3319,-51.8116
scalessio__May_3__SpectrumBands_421_426_tetra_scalessio_421_426.npy,scalessio,May_3,TETRA,421,426,5,444,539,-75.433,-39.7561,-61.6851
scalessio__May_3__SpectrumBands_509_550_dvbt_scalessio_509_550.npy,scalessio,May_3,DVBT,509,550,41,444,4324,-79.694,-44.491,-59.7433
scalessio__May_3__SpectrumBands_791_821_lte_scalessio_791_821.npy,scalessio,May_3,LTE,791,821,30,444,3226,-80.3564,-27.1894,-52.9707
scalessio__May_3__SpectrumBands_80_120_fm_scalessio_80_120.npy,scalessio,May_3,FM,80,120,40,444,4301,-70.7317,-14.316,-49.7965
scalessio__May_3__SpectrumBands_939_948_gsm_scalessio_939_948.npy,scalessio,May_3,GSM,939,948,9,444,969,-81.4559,-14.8303,-59.5244
skyhubfr__Jun_1__SpectrumBands_102_110_fm_fr_102_110.npy,skyhubfr,Jun_1,FM,102,110,8,434,860,-71.1867,-16.2009,-51.8061
skyhubfr__Jun_1__SpectrumBands_390_394_tetra_fr_390_394.npy,skyhubfr,Jun_1,TETRA,390,394,4,434,430,-78.5912,-36.9062,-65.3823
skyhubfr__Jun_1__SpectrumBands_560_620_dvbt_fr_560_620.npy,skyhubfr,Jun_1,DVBT,560,620,60,434,6453,-80.2579,-43.3456,-61.8986
skyhubfr__Jun_1__SpectrumBands_760_822_lte_fr_760_822.npy,skyhubfr,Jun_1,LTE,760,822,62,434,6667,-80.5418,-29.6776,-56.6618
skyhubfr__Jun_1__SpectrumBands_932_938_gsm_932_938.npy,skyhubfr,Jun_1,GSM,932,938,6,434,645,-80.0882,-18.9949,-60.5364
vlenders_burgdorf__Aug_1__SpectrumBands_102_107_fm_sw_102_107.npy,vlenders_burgdorf,Aug_1,FM,102,107,5,423,537,-80.5364,-20.9377,-60.2031
vlenders_burgdorf__Aug_1__SpectrumBands_208_216_dab_sw_208_216.npy,vlenders_burgdorf,Aug_1,DAB,208,216,8,423,861,-80.5542,-34.8782,-57.003
vlenders_burgdorf__Aug_1__SpectrumBands_390_394_tetra_sw_390_394.npy,vlenders_burgdorf,Aug_1,TETRA,390,394,4,423,430,-79.0934,-18.6323,-65.5043
vlenders_burgdorf__Aug_1__SpectrumBands_791_821_lte_sw_791_821.npy,vlenders_burgdorf,Aug_1,LTE,791,821,30,423,3226,-79.1932,-28.1984,-49.7401
vlenders_burgdorf__Aug_1__SpectrumBands_922_925_gsm_sw_922_925.npy,vlenders_burgdorf,Aug_1,GSM,922,925,3,423,321,-80.69,-28.4229,-65.6544
